candidate_version,event_type,requested_quantity,filled_quantity,weighted_fill_price,estimated_fee,settlement_result,net_pnl,reason,created_at
forward-blend-model-0.50-market-0.50-v1,INELIGIBLE,1.000000,0.000000,,0.000000,,,STALE,2026-07-24 14:09:12.656281+00:00
forward-blend-model-0.50-market-0.50-v1,INELIGIBLE,1.000000,0.000000,,0.000000,,,STALE,2026-07-24 14:09:13.703254+00:00
forward-blend-model-0.50-market-0.50-v1,INELIGIBLE,1.000000,0.000000,,0.000000,,,STALE,2026-07-24 14:09:14.754575+00:00
forward-blend-model-0.50-market-0.50-v1,INELIGIBLE,1.000000,0.000000,,0.000000,,,STALE,2026-07-24 14:09:16.338770+00:00
forward-blend-model-0.50-market-0.50-v1,INELIGIBLE,1.000000,0.000000,,0.000000,,,MISSING_OPPOSING_LEVELS,2026-07-24 14:09:17.374694+00:00
forward-blend-model-0.50-market-0.50-v1,INELIGIBLE,1.000000,0.000000,,0.000000,,,STALE,2026-07-24 14:09:18.421855+00:00
forward-blend-model-0.50-market-0.50-v1,INELIGIBLE,1.000000,0.000000,,0.000000,,,STALE,2026-07-24 14:09:19.470481+00:00
forward-blend-model-0.50-market-0.50-v1,INELIGIBLE,1.000000,0.000000,,0.000000,,,STALE,2026-07-24 14:09:20.518100+00:00
forward-blend-model-0.50-market-0.50-v1,INELIGIBLE,1.000000,0.000000,,0.000000,,,STALE,2026-07-24 14:09:21.569383+00:00
forward-blend-model-0.50-market-0.50-v1,INELIGIBLE,1.000000,0.000000,,0.000000,,,STALE,2026-07-24 14:09:22.618541+00:00
forward-blend-model-0.50-market-0.50-v1,INELIGIBLE,1.000000,0.000000,,0.000000,,,STALE,2026-07-24 14:09:23.663312+00:00
forward-blend-model-0.50-market-0.50-v1,INELIGIBLE,1.000000,0.000000,,0.000000,,,MISSING_OPPOSING_LEVELS,2026-07-24 14:09:24.712716+00:00
forward-blend-model-0.50-market-0.50-v1,INELIGIBLE,1.000000,0.000000,,0.000000,,,MISSING_OPPOSING_LEVELS,2026-07-24 14:09:25.761606+00:00
forward-blend-model-0.50-market-0.50-v1,INELIGIBLE,1.000000,0.000000,,0.000000,,,STALE,2026-07-24 14:09:27.037447+00:00
forward-blend-model-0.50-market-0.50-v1,INELIGIBLE,1.000000,0.000000,,0.000000,,,STALE,2026-07-24 14:09:28.081632+00:00
forward-blend-model-0.50-market-0.50-v1,INELIGIBLE,1.000000,0.000000,,0.000000,,,STALE,2026-07-24 14:09:29.273543+00:00
forward-blend-model-0.50-market-0.50-v1,INELIGIBLE,1.000000,0.000000,,0.000000,,,MISSING_OPPOSING_LEVELS,2026-07-24 14:09:30.296395+00:00
forward-blend-model-0.50-market-0.50-v1,INELIGIBLE,1.000000,0.000000,,0.000000,,,STALE,2026-07-24 14:09:31.254384+00:00
forward-blend-model-0.50-market-0.50-v1,INELIGIBLE,1.000000,0.000000,,0.000000,,,STALE,2026-07-24 14:09:32.278057+00:00
forward-blend-model-0.50-market-0.50-v1,INELIGIBLE,1.000000,0.000000,,0.000000,,,STALE,2026-07-24 14:09:33.326492+00:00
forward-blend-model-0.50-market-0.50-v1,INELIGIBLE,1.000000,0.000000,,0.000000,,,STALE,2026-07-24 14:09:34.376087+00:00
forward-blend-model-0.50-market-0.50-v1,INELIGIBLE,1.000000,0.000000,,0.000000,,,STALE,2026-07-24 14:09:35.421682+00:00
forward-blend-model-0.50-market-0.50-v1,INELIGIBLE,1.000000,0.000000,,0.000000,,,STALE,2026-07-24 14:09:36.479838+00:00
forward-blend-model-0.50-market-0.50-v1,INELIGIBLE,1.000000,0.000000,,0.000000,,,MISSING_OPPOSING_LEVELS,2026-07-24 14:09:37.522172+00:00
forward-blend-model-0.50-market-0.50-v1,INELIGIBLE,1.000000,0.000000,,0.000000,,,MISSING_OPPOSING_LEVELS,2026-07-24 14:09:38.572253+00:00
forward-blend-model-0.50-market-0.50-v1,INELIGIBLE,1.000000,0.000000,,0.000000,,,STALE,2026-07-24 14:09:39.620378+00:00
forward-blend-model-0.50-market-0.50-v1,INELIGIBLE,1.000000,0.000000,,0.000000,,,STALE,2026-07-24 14:09:40.674577+00:00
forward-blend-model-0.50-market-0.50-v1,INELIGIBLE,1.000000,0.000000,,0.000000,,,STALE,2026-07-24 14:09:41.728954+00:00
forward-blend-model-0.50-market-0.50-v1,INELIGIBLE,1.000000,0.000000,,0.000000,,,MISSING_OPPOSING_LEVELS,2026-07-24 14:09:42.769306+00:00
forward-blend-model-0.50-market-0.50-v1,INELIGIBLE,1.000000,0.000000,,0.000000,,,STALE,2026-07-24 14:09:43.810383+00:00
forward-blend-model-0.50-market-0.50-v1,INELIGIBLE,1.000000,0.000000,,0.000000,,,STALE,2026-07-24 14:09:44.860748+00:00
forward-blend-model-0.50-market-0.50-v1,INELIGIBLE,1.000000,0.000000,,0.000000,,,STALE,2026-07-24 14:09:45.914085+00:00
forward-blend-model-0.50-market-0.50-v1,INELIGIBLE,1.000000,0.000000,,0.000000,,,MISSING_OPPOSING_LEVELS,2026-07-24 14:09:46.955454+00:00
forward-blend-model-0.50-market-0.50-v1,INELIGIBLE,1.000000,0.000000,,0.000000,,,MISSING_OPPOSING_LEVELS,2026-07-24 14:09:48.005319+00:00
forward-blend-model-0.50-market-0.50-v1,INELIGIBLE,1.000000,0.000000,,0.000000,,,STALE,2026-07-24 14:09:49.055452+00:00
forward-blend-model-0.50-market-0.50-v1,INELIGIBLE,1.000000,0.000000,,0.000000,,,MISSING_OPPOSING_LEVELS,2026-07-24 14:09:50.110201+00:00
forward-blend-model-0.50-market-0.50-v1,INELIGIBLE,1.000000,0.000000,,0.000000,,,STALE,2026-07-24 14:09:51.161236+00:00
forward-blend-model-0.50-market-0.50-v1,INELIGIBLE,1.000000,0.000000,,0.000000,,,STALE,2026-07-24 14:09:52.213732+00:00
forward-blend-model-0.50-market-0.50-v1,INELIGIBLE,1.000000,0.000000,,0.000000,,,STALE,2026-07-24 14:09:53.252014+00:00
forward-blend-model-0.50-market-0.50-v1,INELIGIBLE,1.000000,0.000000,,0.000000,,,STALE,2026-07-24 14:09:54.299219+00:00
forward-blend-model-0.50-market-0.50-v1,INELIGIBLE,1.000000,0.000000,,0.000000,,,STALE,2026-07-24 14:09:55.346967+00:00
forward-blend-model-0.50-market-0.50-v1,INELIGIBLE,1.000000,0.000000,,0.000000,,,STALE,2026-07-24 14:09:56.398092+00:00
forward-blend-model-0.50-market-0.50-v1,INELIGIBLE,1.000000,0.000000,,0.000000,,,STALE,2026-07-24 14:09:57.535522+00:00
forward-blend-model-0.50-market-0.50-v1,INELIGIBLE,1.000000,0.000000,,0.000000,,,STALE,2026-07-24 14:09:58.493920+00:00
forward-blend-model-0.50-market-0.50-v1,INELIGIBLE,1.000000,0.000000,,0.000000,,,STALE,2026-07-24 14:09:59.543184+00:00
forward-blend-model-0.50-market-0.50-v1,INELIGIBLE,1.000000,0.000000,,0.000000,,,STALE,2026-07-24 14:10:00.607673+00:00
forward-blend-model-0.50-market-0.50-v1,INELIGIBLE,1.000000,0.000000,,0.000000,,,STALE,2026-07-24 14:10:01.638000+00:00
forward-blend-model-0.50-market-0.50-v1,INELIGIBLE,1.000000,0.000000,,0.000000,,,STALE,2026-07-24 14:10:02.681965+00:00
forward-blend-model-0.50-market-0.50-v1,INELIGIBLE,1.000000,0.000000,,0.000000,,,STALE,2026-07-24 14:10:03.737245+00:00
forward-blend-model-0.50-market-0.50-v1,INELIGIBLE,1.000000,0.000000,,0.000000,,,STALE,2026-07-24 14:10:04.908786+00:00
forward-blend-model-0.50-market-0.50-v1,INELIGIBLE,1.000000,0.000000,,0.000000,,,STALE,2026-07-24 14:10:05.932246+00:00
forward-blend-model-0.50-market-0.50-v1,INELIGIBLE,1.000000,0.000000,,0.000000,,,STALE,2026-07-24 14:10:06.875598+00:00
forward-blend-model-0.50-market-0.50-v1,INELIGIBLE,1.000000,0.000000,,0.000000,,,STALE,2026-07-24 14:10:07.979989+00:00
forward-blend-model-0.50-market-0.50-v1,INELIGIBLE,1.000000,0.000000,,0.000000,,,MISSING_OPPOSING_LEVELS,2026-07-24 14:10:08.972483+00:00
forward-blend-model-0.50-market-0.50-v1,INELIGIBLE,1.000000,0.000000,,0.000000,,,MISSING_OPPOSING_LEVELS,2026-07-24 14:10:10.020676+00:00
forward-blend-model-0.50-market-0.50-v1,INELIGIBLE,1.000000,0.000000,,0.000000,,,STALE,2026-07-24 14:10:11.079809+00:00
forward-blend-model-0.50-market-0.50-v1,INELIGIBLE,1.000000,0.000000,,0.000000,,,STALE,2026-07-24 14:10:12.127558+00:00
forward-blend-model-0.50-market-0.50-v1,INELIGIBLE,1.000000,0.000000,,0.000000,,,STALE,2026-07-24 14:10:13.175753+00:00
forward-blend-model-0.50-market-0.50-v1,INELIGIBLE,1.000000,0.000000,,0.000000,,,MISSING_OPPOSING_LEVELS,2026-07-24 14:10:14.219636+00:00
forward-blend-model-0.50-market-0.50-v1,INELIGIBLE,1.000000,0.000000,,0.000000,,,STALE,2026-07-24 14:10:15.268560+00:00
forward-blend-model-0.50-market-0.50-v1,INELIGIBLE,1.000000,0.000000,,0.000000,,,STALE,2026-07-24 14:10:16.338011+00:00
forward-blend-model-0.50-market-0.50-v1,INELIGIBLE,1.000000,0.000000,,0.000000,,,STALE,2026-07-24 14:10:17.366905+00:00
forward-blend-model-0.50-market-0.50-v1,INELIGIBLE,1.000000,0.000000,,0.000000,,,STALE,2026-07-24 14:10:18.422449+00:00
forward-blend-model-0.50-market-0.50-v1,INELIGIBLE,1.000000,0.000000,,0.000000,,,STALE,2026-07-24 14:10:19.463957+00:00
forward-blend-model-0.50-market-0.50-v1,INELIGIBLE,1.000000,0.000000,,0.000000,,,MISSING_OPPOSING_LEVELS,2026-07-24 14:10:20.511538+00:00
forward-blend-model-0.50-market-0.50-v1,INELIGIBLE,1.000000,0.000000,,0.000000,,,MISSING_OPPOSING_LEVELS,2026-07-24 14:10:21.568822+00:00
forward-blend-model-0.50-market-0.50-v1,INELIGIBLE,1.000000,0.000000,,0.000000,,,STALE,2026-07-24 14:10:22.608903+00:00
forward-blend-model-0.50-market-0.50-v1,INELIGIBLE,1.000000,0.000000,,0.000000,,,STALE,2026-07-24 14:10:23.678065+00:00
forward-blend-model-0.50-market-0.50-v1,INELIGIBLE,1.000000,0.000000,,0.000000,,,STALE,2026-07-24 14:10:24.709252+00:00
forward-blend-model-0.50-market-0.50-v1,INELIGIBLE,1.000000,0.000000,,0.000000,,,STALE,2026-07-24 14:10:25.763916+00:00
forward-blend-model-0.50-market-0.50-v1,INELIGIBLE,1.000000,0.000000,,0.000000,,,STALE,2026-07-24 14:10:26.806574+00:00
forward-blend-model-0.50-market-0.50-v1,INELIGIBLE,1.000000,0.000000,,0.000000,,,MISSING_OPPOSING_LEVELS,2026-07-24 14:10:27.882865+00:00
forward-blend-model-0.50-market-0.50-v1,INELIGIBLE,1.000000,0.000000,,0.000000,,,STALE,2026-07-24 14:10:28.906956+00:00
forward-blend-model-0.50-market-0.50-v1,INELIGIBLE,1.000000,0.000000,,0.000000,,,STALE,2026-07-24 14:10:29.951540+00:00
forward-blend-model-0.50-market-0.50-v1,INELIGIBLE,1.000000,0.000000,,0.000000,,,STALE,2026-07-24 14:10:30.998870+00:00
forward-blend-model-0.50-market-0.50-v1,INELIGIBLE,1.000000,0.000000,,0.000000,,,STALE,2026-07-24 14:10:32.052438+00:00
forward-blend-model-0.50-market-0.50-v1,INELIGIBLE,1.000000,0.000000,,0.000000,,,MISSING_OPPOSING_LEVELS,2026-07-24 14:10:33.094767+00:00
forward-blend-model-0.50-market-0.50-v1,INELIGIBLE,1.000000,0.000000,,0.000000,,,MISSING_OPPOSING_LEVELS,2026-07-24 14:10:34.145368+00:00
forward-blend-model-0.50-market-0.50-v1,INELIGIBLE,1.000000,0.000000,,0.000000,,,STALE,2026-07-24 14:10:35.218956+00:00
forward-blend-model-0.50-market-0.50-v1,INELIGIBLE,1.000000,0.000000,,0.000000,,,STALE,2026-07-24 14:10:36.288251+00:00
forward-blend-model-0.50-market-0.50-v1,INELIGIBLE,1.000000,0.000000,,0.000000,,,STALE,2026-07-24 14:10:37.290138+00:00
forward-blend-model-0.50-market-0.50-v1,INELIGIBLE,1.000000,0.000000,,0.000000,,,STALE,2026-07-24 14:10:38.334245+00:00
forward-blend-model-0.50-market-0.50-v1,INELIGIBLE,1.000000,0.000000,,0.000000,,,STALE,2026-07-24 14:10:39.386407+00:00
forward-blend-model-0.50-market-0.50-v1,INELIGIBLE,1.000000,0.000000,,0.000000,,,MISSING_OPPOSING_LEVELS,2026-07-24 14:10:40.545216+00:00
forward-blend-model-0.50-market-0.50-v1,INELIGIBLE,1.000000,0.000000,,0.000000,,,STALE,2026-07-24 14:10:41.487119+00:00
forward-blend-model-0.50-market-0.50-v1,INELIGIBLE,1.000000,0.000000,,0.000000,,,STALE,2026-07-24 14:10:42.610509+00:00
forward-blend-model-0.50-market-0.50-v1,INELIGIBLE,1.000000,0.000000,,0.000000,,,STALE,2026-07-24 14:10:43.661468+00:00
forward-blend-model-0.50-market-0.50-v1,INELIGIBLE,1.000000,0.000000,,0.000000,,,MISSING_OPPOSING_LEVELS,2026-07-24 14:10:44.624785+00:00
forward-blend-model-0.50-market-0.50-v1,INELIGIBLE,1.000000,0.000000,,0.000000,,,STALE,2026-07-24 14:10:45.698461+00:00
forward-blend-model-0.50-market-0.50-v1,INELIGIBLE,1.000000,0.000000,,0.000000,,,MISSING_OPPOSING_LEVELS,2026-07-24 14:10:46.726182+00:00
forward-blend-model-0.50-market-0.50-v1,INELIGIBLE,1.000000,0.000000,,0.000000,,,MISSING_OPPOSING_LEVELS,2026-07-24 14:10:47.789935+00:00
forward-blend-model-0.50-market-0.50-v1,INELIGIBLE,1.000000,0.000000,,0.000000,,,STALE,2026-07-24 14:10:48.826945+00:00
forward-blend-model-0.50-market-0.50-v1,INELIGIBLE,1.000000,0.000000,,0.000000,,,STALE,2026-07-24 14:10:49.881361+00:00
forward-blend-model-0.50-market-0.50-v1,INELIGIBLE,1.000000,0.000000,,0.000000,,,STALE,2026-07-24 14:10:50.921105+00:00
forward-blend-model-0.50-market-0.50-v1,INELIGIBLE,1.000000,0.000000,,0.000000,,,MISSING_OPPOSING_LEVELS,2026-07-24 14:10:51.965675+00:00
forward-blend-model-0.50-market-0.50-v1,INELIGIBLE,1.000000,0.000000,,0.000000,,,STALE,2026-07-24 14:10:53.014639+00:00
forward-blend-model-0.50-market-0.50-v1,INELIGIBLE,1.000000,0.000000,,0.000000,,,STALE,2026-07-24 14:10:54.061656+00:00
forward-blend-model-0.50-market-0.50-v1,INELIGIBLE,1.000000,0.000000,,0.000000,,,STALE,2026-07-24 14:10:55.121753+00:00
forward-blend-model-0.50-market-0.50-v1,INELIGIBLE,1.000000,0.000000,,0.000000,,,STALE,2026-07-24 14:10:56.160706+00:00
forward-blend-model-0.50-market-0.50-v1,INELIGIBLE,1.000000,0.000000,,0.000000,,,STALE,2026-07-24 14:10:57.208867+00:00
forward-blend-model-0.50-market-0.50-v1,INELIGIBLE,1.000000,0.000000,,0.000000,,,MISSING_OPPOSING_LEVELS,2026-07-24 14:10:58.467079+00:00
forward-blend-model-0.50-market-0.50-v1,INELIGIBLE,1.000000,0.000000,,0.000000,,,STALE,2026-07-24 14:10:59.358195+00:00
forward-blend-model-0.50-market-0.50-v1,INELIGIBLE,1.000000,0.000000,,0.000000,,,STALE,2026-07-24 14:11:00.362857+00:00
forward-blend-model-0.50-market-0.50-v1,INELIGIBLE,1.000000,0.000000,,0.000000,,,STALE,2026-07-24 14:11:01.409715+00:00
forward-blend-model-0.50-market-0.50-v1,INELIGIBLE,1.000000,0.000000,,0.000000,,,STALE,2026-07-24 14:11:02.456540+00:00
forward-blend-model-0.50-market-0.50-v1,INELIGIBLE,1.000000,0.000000,,0.000000,,,MISSING_OPPOSING_LEVELS,2026-07-24 14:11:03.504006+00:00
forward-blend-model-0.50-market-0.50-v1,INELIGIBLE,1.000000,0.000000,,0.000000,,,MISSING_OPPOSING_LEVELS,2026-07-24 14:11:04.556406+00:00
forward-blend-model-0.50-market-0.50-v1,INELIGIBLE,1.000000,0.000000,,0.000000,,,STALE,2026-07-24 14:11:05.600176+00:00
forward-blend-model-0.50-market-0.50-v1,INELIGIBLE,1.000000,0.000000,,0.000000,,,STALE,2026-07-24 14:11:06.650275+00:00
forward-blend-model-0.50-market-0.50-v1,INELIGIBLE,1.000000,0.000000,,0.000000,,,STALE,2026-07-24 14:11:07.998897+00:00
forward-blend-model-0.50-market-0.50-v1,INELIGIBLE,1.000000,0.000000,,0.000000,,,STALE,2026-07-24 14:11:09.401201+00:00
forward-blend-model-0.50-market-0.50-v1,INELIGIBLE,1.000000,0.000000,,0.000000,,,MISSING_OPPOSING_LEVELS,2026-07-24 14:11:11.145929+00:00
forward-blend-model-0.50-market-0.50-v1,INELIGIBLE,1.000000,0.000000,,0.000000,,,STALE,2026-07-24 14:11:12.198674+00:00
forward-blend-model-0.50-market-0.50-v1,INELIGIBLE,1.000000,0.000000,,0.000000,,,MISSING_OPPOSING_LEVELS,2026-07-24 14:11:13.243142+00:00
forward-blend-model-0.50-market-0.50-v1,INELIGIBLE,1.000000,0.000000,,0.000000,,,STALE,2026-07-24 14:11:14.291003+00:00
forward-blend-model-0.50-market-0.50-v1,INELIGIBLE,1.000000,0.000000,,0.000000,,,STALE,2026-07-24 14:11:15.341923+00:00
forward-blend-model-0.50-market-0.50-v1,INELIGIBLE,1.000000,0.000000,,0.000000,,,STALE,2026-07-24 14:11:16.387470+00:00
forward-blend-model-0.50-market-0.50-v1,INELIGIBLE,1.000000,0.000000,,0.000000,,,STALE,2026-07-24 14:11:17.444101+00:00
forward-blend-model-0.50-market-0.50-v1,INELIGIBLE,1.000000,0.000000,,0.000000,,,STALE,2026-07-24 14:11:18.484909+00:00
forward-blend-model-0.50-market-0.50-v1,INELIGIBLE,1.000000,0.000000,,0.000000,,,STALE,2026-07-24 14:11:19.533829+00:00
forward-blend-model-0.50-market-0.50-v1,INELIGIBLE,1.000000,0.000000,,0.000000,,,STALE,2026-07-24 14:11:20.582792+00:00
forward-blend-model-0.50-market-0.50-v1,INELIGIBLE,1.000000,0.000000,,0.000000,,,STALE,2026-07-24 14:11:21.634026+00:00
forward-blend-model-0.50-market-0.50-v1,INELIGIBLE,1.000000,0.000000,,0.000000,,,STALE,2026-07-24 14:11:22.680837+00:00
forward-blend-model-0.50-market-0.50-v1,INELIGIBLE,1.000000,0.000000,,0.000000,,,STALE,2026-07-24 14:11:23.728468+00:00
forward-blend-model-0.50-market-0.50-v1,INELIGIBLE,1.000000,0.000000,,0.000000,,,STALE,2026-07-24 14:11:24.907251+00:00
forward-blend-model-0.50-market-0.50-v1,INELIGIBLE,1.000000,0.000000,,0.000000,,,STALE,2026-07-24 14:11:25.825010+00:00
forward-blend-model-0.50-market-0.50-v1,INELIGIBLE,1.000000,0.000000,,0.000000,,,MISSING_OPPOSING_LEVELS,2026-07-24 14:11:26.875730+00:00
forward-blend-model-0.50-market-0.50-v1,INELIGIBLE,1.000000,0.000000,,0.000000,,,STALE,2026-07-24 14:11:27.924462+00:00
forward-blend-model-0.50-market-0.50-v1,INELIGIBLE,1.000000,0.000000,,0.000000,,,STALE,2026-07-24 14:11:28.973242+00:00
forward-blend-model-0.50-market-0.50-v1,INELIGIBLE,1.000000,0.000000,,0.000000,,,MISSING_OPPOSING_LEVELS,2026-07-24 14:11:30.019666+00:00
forward-blend-model-0.50-market-0.50-v1,INELIGIBLE,1.000000,0.000000,,0.000000,,,MISSING_OPPOSING_LEVELS,2026-07-24 14:11:31.068999+00:00
forward-blend-model-0.50-market-0.50-v1,INELIGIBLE,1.000000,0.000000,,0.000000,,,MISSING_OPPOSING_LEVELS,2026-07-24 14:11:32.118621+00:00
forward-blend-model-0.50-market-0.50-v1,INELIGIBLE,1.000000,0.000000,,0.000000,,,MISSING_OPPOSING_LEVELS,2026-07-24 14:11:33.165919+00:00
forward-blend-model-0.50-market-0.50-v1,INELIGIBLE,1.000000,0.000000,,0.000000,,,MISSING_OPPOSING_LEVELS,2026-07-24 14:11:34.214504+00:00
forward-blend-model-0.50-market-0.50-v1,INELIGIBLE,1.000000,0.000000,,0.000000,,,MISSING_OPPOSING_LEVELS,2026-07-24 14:11:35.264653+00:00
forward-blend-model-0.50-market-0.50-v1,INELIGIBLE,1.000000,0.000000,,0.000000,,,MISSING_OPPOSING_LEVELS,2026-07-24 14:11:36.311397+00:00
forward-blend-model-0.50-market-0.50-v1,INELIGIBLE,1.000000,0.000000,,0.000000,,,MISSING_OPPOSING_LEVELS,2026-07-24 14:11:37.360295+00:00
forward-blend-model-0.50-market-0.50-v1,INELIGIBLE,1.000000,0.000000,,0.000000,,,STALE,2026-07-24 14:11:38.409755+00:00
forward-blend-model-0.50-market-0.50-v1,INELIGIBLE,1.000000,0.000000,,0.000000,,,MISSING_OPPOSING_LEVELS,2026-07-24 14:11:39.457701+00:00
forward-blend-model-0.50-market-0.50-v1,INELIGIBLE,1.000000,0.000000,,0.000000,,,MISSING_OPPOSING_LEVELS,2026-07-24 14:11:40.505729+00:00
forward-blend-model-0.50-market-0.50-v1,INELIGIBLE,1.000000,0.000000,,0.000000,,,STALE,2026-07-24 14:11:41.574975+00:00
forward-blend-model-0.50-market-0.50-v1,INELIGIBLE,1.000000,0.000000,,0.000000,,,STALE,2026-07-24 14:11:42.601998+00:00
forward-blend-model-0.50-market-0.50-v1,INELIGIBLE,1.000000,0.000000,,0.000000,,,MISSING_OPPOSING_LEVELS,2026-07-24 14:11:43.651203+00:00
forward-blend-model-0.50-market-0.50-v1,INELIGIBLE,1.000000,0.000000,,0.000000,,,MISSING_OPPOSING_LEVELS,2026-07-24 14:11:44.699855+00:00
forward-blend-model-0.50-market-0.50-v1,INELIGIBLE,1.000000,0.000000,,0.000000,,,STALE,2026-07-24 14:11:45.748580+00:00
forward-blend-model-0.50-market-0.50-v1,INELIGIBLE,1.000000,0.000000,,0.000000,,,STALE,2026-07-24 14:11:46.796727+00:00
forward-blend-model-0.50-market-0.50-v1,INELIGIBLE,1.000000,0.000000,,0.000000,,,STALE,2026-07-24 14:11:47.845092+00:00
forward-blend-model-0.50-market-0.50-v1,INELIGIBLE,1.000000,0.000000,,0.000000,,,MISSING_OPPOSING_LEVELS,2026-07-24 14:11:48.894576+00:00
forward-blend-model-0.50-market-0.50-v1,INELIGIBLE,1.000000,0.000000,,0.000000,,,MISSING_OPPOSING_LEVELS,2026-07-24 14:11:49.942133+00:00
forward-blend-model-0.50-market-0.50-v1,INELIGIBLE,1.000000,0.000000,,0.000000,,,MISSING_OPPOSING_LEVELS,2026-07-24 14:11:50.993650+00:00
forward-blend-model-0.50-market-0.50-v1,INELIGIBLE,1.000000,0.000000,,0.000000,,,MISSING_OPPOSING_LEVELS,2026-07-24 14:11:52.039654+00:00
forward-blend-model-0.50-market-0.50-v1,INELIGIBLE,1.000000,0.000000,,0.000000,,,MISSING_OPPOSING_LEVELS,2026-07-24 14:11:53.087141+00:00
forward-blend-model-0.50-market-0.50-v1,INELIGIBLE,1.000000,0.000000,,0.000000,,,STALE,2026-07-24 14:11:54.137185+00:00
forward-blend-model-0.50-market-0.50-v1,INELIGIBLE,1.000000,0.000000,,0.000000,,,STALE,2026-07-24 14:11:55.185128+00:00
forward-blend-model-0.50-market-0.50-v1,INELIGIBLE,1.000000,0.000000,,0.000000,,,MISSING_OPPOSING_LEVELS,2026-07-24 14:11:56.337456+00:00
forward-blend-model-0.50-market-0.50-v1,INELIGIBLE,1.000000,0.000000,,0.000000,,,STALE,2026-07-24 14:11:57.300838+00:00
forward-blend-model-0.50-market-0.50-v1,INELIGIBLE,1.000000,0.000000,,0.000000,,,STALE,2026-07-24 14:11:58.331806+00:00
forward-blend-model-0.50-market-0.50-v1,INELIGIBLE,1.000000,0.000000,,0.000000,,,STALE,2026-07-24 14:11:59.381280+00:00
forward-blend-model-0.50-market-0.50-v1,INELIGIBLE,1.000000,0.000000,,0.000000,,,STALE,2026-07-24 14:12:00.428396+00:00
forward-blend-model-0.50-market-0.50-v1,INELIGIBLE,1.000000,0.000000,,0.000000,,,STALE,2026-07-24 14:12:01.545823+00:00
forward-blend-model-0.50-market-0.50-v1,INELIGIBLE,1.000000,0.000000,,0.000000,,,MISSING_OPPOSING_LEVELS,2026-07-24 14:12:02.525276+00:00
forward-blend-model-0.50-market-0.50-v1,INELIGIBLE,1.000000,0.000000,,0.000000,,,MISSING_OPPOSING_LEVELS,2026-07-24 14:12:03.574540+00:00
forward-blend-model-0.50-market-0.50-v1,INELIGIBLE,1.000000,0.000000,,0.000000,,,MISSING_OPPOSING_LEVELS,2026-07-24 14:12:04.622642+00:00
forward-blend-model-0.50-market-0.50-v1,INELIGIBLE,1.000000,0.000000,,0.000000,,,MISSING_OPPOSING_LEVELS,2026-07-24 14:12:05.673077+00:00
forward-blend-model-0.50-market-0.50-v1,INELIGIBLE,1.000000,0.000000,,0.000000,,,STALE,2026-07-24 14:12:06.719952+00:00
forward-blend-model-0.50-market-0.50-v1,INELIGIBLE,1.000000,0.000000,,0.000000,,,MISSING_OPPOSING_LEVELS,2026-07-24 14:12:07.767778+00:00
forward-blend-model-0.50-market-0.50-v1,INELIGIBLE,1.000000,0.000000,,0.000000,,,MISSING_OPPOSING_LEVELS,2026-07-24 14:12:08.818083+00:00
forward-blend-model-0.50-market-0.50-v1,INELIGIBLE,1.000000,0.000000,,0.000000,,,MISSING_OPPOSING_LEVELS,2026-07-24 14:12:09.956745+00:00
forward-blend-model-0.50-market-0.50-v1,INELIGIBLE,1.000000,0.000000,,0.000000,,,MISSING_OPPOSING_LEVELS,2026-07-24 14:12:10.914318+00:00
forward-blend-model-0.50-market-0.50-v1,INELIGIBLE,1.000000,0.000000,,0.000000,,,STALE,2026-07-24 14:12:11.962876+00:00
forward-blend-model-0.50-market-0.50-v1,INELIGIBLE,1.000000,0.000000,,0.000000,,,STALE,2026-07-24 14:12:13.010030+00:00
forward-blend-model-0.50-market-0.50-v1,INELIGIBLE,1.000000,0.000000,,0.000000,,,MISSING_OPPOSING_LEVELS,2026-07-24 14:12:14.059528+00:00
forward-blend-model-0.50-market-0.50-v1,INELIGIBLE,1.000000,0.000000,,0.000000,,,MISSING_OPPOSING_LEVELS,2026-07-24 14:12:15.109109+00:00
forward-blend-model-0.50-market-0.50-v1,INELIGIBLE,1.000000,0.000000,,0.000000,,,MISSING_OPPOSING_LEVELS,2026-07-24 14:12:16.157334+00:00
forward-blend-model-0.50-market-0.50-v1,INELIGIBLE,1.000000,0.000000,,0.000000,,,MISSING_OPPOSING_LEVELS,2026-07-24 14:12:17.205853+00:00
forward-blend-model-0.50-market-0.50-v1,INELIGIBLE,1.000000,0.000000,,0.000000,,,MISSING_OPPOSING_LEVELS,2026-07-24 14:12:18.254099+00:00
forward-blend-model-0.50-market-0.50-v1,INELIGIBLE,1.000000,0.000000,,0.000000,,,MISSING_OPPOSING_LEVELS,2026-07-24 14:12:19.302287+00:00
forward-blend-model-0.50-market-0.50-v1,INELIGIBLE,1.000000,0.000000,,0.000000,,,MISSING_OPPOSING_LEVELS,2026-07-24 14:12:20.351078+00:00
forward-blend-model-0.50-market-0.50-v1,INELIGIBLE,1.000000,0.000000,,0.000000,,,MISSING_OPPOSING_LEVELS,2026-07-24 14:12:21.399963+00:00
forward-blend-model-0.50-market-0.50-v1,INELIGIBLE,1.000000,0.000000,,0.000000,,,STALE,2026-07-24 14:12:22.449207+00:00
forward-blend-model-0.50-market-0.50-v1,INELIGIBLE,1.000000,0.000000,,0.000000,,,STALE,2026-07-24 14:12:23.577596+00:00
forward-blend-model-0.50-market-0.50-v1,INELIGIBLE,1.000000,0.000000,,0.000000,,,STALE,2026-07-24 14:12:24.545684+00:00
forward-blend-model-0.50-market-0.50-v1,INELIGIBLE,1.000000,0.000000,,0.000000,,,STALE,2026-07-24 14:12:25.594751+00:00
forward-blend-model-0.50-market-0.50-v1,INELIGIBLE,1.000000,0.000000,,0.000000,,,STALE,2026-07-24 14:12:26.642449+00:00
forward-blend-model-0.50-market-0.50-v1,INELIGIBLE,1.000000,0.000000,,0.000000,,,STALE,2026-07-24 14:12:27.691178+00:00
forward-blend-model-0.50-market-0.50-v1,INELIGIBLE,1.000000,0.000000,,0.000000,,,MISSING_OPPOSING_LEVELS,2026-07-24 14:12:28.740057+00:00
forward-blend-model-0.50-market-0.50-v1,INELIGIBLE,1.000000,0.000000,,0.000000,,,MISSING_OPPOSING_LEVELS,2026-07-24 14:12:29.789334+00:00
forward-blend-model-0.50-market-0.50-v1,INELIGIBLE,1.000000,0.000000,,0.000000,,,STALE,2026-07-24 14:12:30.837284+00:00
forward-blend-model-0.50-market-0.50-v1,INELIGIBLE,1.000000,0.000000,,0.000000,,,STALE,2026-07-24 14:12:31.974110+00:00
forward-blend-model-0.50-market-0.50-v1,INELIGIBLE,1.000000,0.000000,,0.000000,,,STALE,2026-07-24 14:12:32.934700+00:00
forward-blend-model-0.50-market-0.50-v1,INELIGIBLE,1.000000,0.000000,,0.000000,,,MISSING_OPPOSING_LEVELS,2026-07-24 14:12:33.983375+00:00
forward-blend-model-0.50-market-0.50-v1,INELIGIBLE,1.000000,0.000000,,0.000000,,,STALE,2026-07-24 14:12:35.032515+00:00
forward-blend-model-0.50-market-0.50-v1,INELIGIBLE,1.000000,0.000000,,0.000000,,,MISSING_OPPOSING_LEVELS,2026-07-24 14:12:36.081800+00:00
forward-blend-model-0.50-market-0.50-v1,INELIGIBLE,1.000000,0.000000,,0.000000,,,STALE,2026-07-24 14:12:37.128864+00:00
forward-blend-model-0.50-market-0.50-v1,INELIGIBLE,1.000000,0.000000,,0.000000,,,STALE,2026-07-24 14:12:38.221209+00:00
forward-blend-model-0.50-market-0.50-v1,INELIGIBLE,1.000000,0.000000,,0.000000,,,MISSING_OPPOSING_LEVELS,2026-07-24 14:12:39.225332+00:00
forward-blend-model-0.50-market-0.50-v1,INELIGIBLE,1.000000,0.000000,,0.000000,,,MISSING_OPPOSING_LEVELS,2026-07-24 14:12:40.287989+00:00
forward-blend-model-0.50-market-0.50-v1,INELIGIBLE,1.000000,0.000000,,0.000000,,,MISSING_OPPOSING_LEVELS,2026-07-24 14:12:41.323298+00:00
forward-blend-model-0.50-market-0.50-v1,INELIGIBLE,1.000000,0.000000,,0.000000,,,MISSING_OPPOSING_LEVELS,2026-07-24 14:12:42.373871+00:00
forward-blend-model-0.50-market-0.50-v1,INELIGIBLE,1.000000,0.000000,,0.000000,,,MISSING_OPPOSING_LEVELS,2026-07-24 14:12:43.424446+00:00
forward-blend-model-0.50-market-0.50-v1,INELIGIBLE,1.000000,0.000000,,0.000000,,,MISSING_OPPOSING_LEVELS,2026-07-24 14:12:44.467925+00:00
forward-blend-model-0.50-market-0.50-v1,INELIGIBLE,1.000000,0.000000,,0.000000,,,MISSING_OPPOSING_LEVELS,2026-07-24 14:12:45.516750+00:00
forward-blend-model-0.50-market-0.50-v1,INELIGIBLE,1.000000,0.000000,,0.000000,,,MISSING_OPPOSING_LEVELS,2026-07-24 14:12:46.565758+00:00
forward-blend-model-0.50-market-0.50-v1,INELIGIBLE,1.000000,0.000000,,0.000000,,,MISSING_OPPOSING_LEVELS,2026-07-24 14:12:47.615623+00:00
forward-blend-model-0.50-market-0.50-v1,INELIGIBLE,1.000000,0.000000,,0.000000,,,MISSING_OPPOSING_LEVELS,2026-07-24 14:12:48.663048+00:00
forward-blend-model-0.50-market-0.50-v1,INELIGIBLE,1.000000,0.000000,,0.000000,,,STALE,2026-07-24 14:12:49.711640+00:00
forward-blend-model-0.50-market-0.50-v1,INELIGIBLE,1.000000,0.000000,,0.000000,,,STALE,2026-07-24 14:12:50.760106+00:00
forward-blend-model-0.50-market-0.50-v1,INELIGIBLE,1.000000,0.000000,,0.000000,,,STALE,2026-07-24 14:12:51.839348+00:00
forward-blend-model-0.50-market-0.50-v1,INELIGIBLE,1.000000,0.000000,,0.000000,,,MISSING_OPPOSING_LEVELS,2026-07-24 14:12:52.947974+00:00
forward-blend-model-0.50-market-0.50-v1,INELIGIBLE,1.000000,0.000000,,0.000000,,,MISSING_OPPOSING_LEVELS,2026-07-24 14:12:53.923751+00:00
forward-blend-model-0.50-market-0.50-v1,INELIGIBLE,1.000000,0.000000,,0.000000,,,MISSING_OPPOSING_LEVELS,2026-07-24 14:12:54.954529+00:00
forward-blend-model-0.50-market-0.50-v1,INELIGIBLE,1.000000,0.000000,,0.000000,,,MISSING_OPPOSING_LEVELS,2026-07-24 14:12:56.003443+00:00
forward-blend-model-0.50-market-0.50-v1,INELIGIBLE,1.000000,0.000000,,0.000000,,,STALE,2026-07-24 14:12:57.052729+00:00
forward-blend-model-0.50-market-0.50-v1,INELIGIBLE,1.000000,0.000000,,0.000000,,,MISSING_OPPOSING_LEVELS,2026-07-24 14:12:58.100984+00:00
forward-blend-model-0.50-market-0.50-v1,INELIGIBLE,1.000000,0.000000,,0.000000,,,MISSING_OPPOSING_LEVELS,2026-07-24 14:12:59.148829+00:00
forward-blend-model-0.50-market-0.50-v1,INELIGIBLE,1.000000,0.000000,,0.000000,,,MISSING_OPPOSING_LEVELS,2026-07-24 14:13:00.218892+00:00
forward-blend-model-0.50-market-0.50-v1,INELIGIBLE,1.000000,0.000000,,0.000000,,,MISSING_OPPOSING_LEVELS,2026-07-24 14:13:01.245495+00:00
forward-blend-model-0.50-market-0.50-v1,INELIGIBLE,1.000000,0.000000,,0.000000,,,MISSING_OPPOSING_LEVELS,2026-07-24 14:13:02.295549+00:00
forward-blend-model-0.50-market-0.50-v1,INELIGIBLE,1.000000,0.000000,,0.000000,,,MISSING_OPPOSING_LEVELS,2026-07-24 14:13:03.392347+00:00
forward-blend-model-0.50-market-0.50-v1,INELIGIBLE,1.000000,0.000000,,0.000000,,,STALE,2026-07-24 14:13:04.390993+00:00
forward-blend-model-0.50-market-0.50-v1,INELIGIBLE,1.000000,0.000000,,0.000000,,,MISSING_OPPOSING_LEVELS,2026-07-24 14:13:05.457121+00:00
forward-blend-model-0.50-market-0.50-v1,INELIGIBLE,1.000000,0.000000,,0.000000,,,STALE,2026-07-24 14:13:06.564139+00:00
forward-blend-model-0.50-market-0.50-v1,INELIGIBLE,1.000000,0.000000,,0.000000,,,STALE,2026-07-24 14:13:07.534640+00:00
forward-blend-model-0.50-market-0.50-v1,INELIGIBLE,1.000000,0.000000,,0.000000,,,STALE,2026-07-24 14:13:08.611852+00:00
forward-blend-model-0.50-market-0.50-v1,INELIGIBLE,1.000000,0.000000,,0.000000,,,MISSING_OPPOSING_LEVELS,2026-07-24 14:13:09.638137+00:00
forward-blend-model-0.50-market-0.50-v1,INELIGIBLE,1.000000,0.000000,,0.000000,,,MISSING_OPPOSING_LEVELS,2026-07-24 14:13:10.678564+00:00
forward-blend-model-0.50-market-0.50-v1,INELIGIBLE,1.000000,0.000000,,0.000000,,,MISSING_OPPOSING_LEVELS,2026-07-24 14:13:11.727007+00:00
forward-blend-model-0.50-market-0.50-v1,INELIGIBLE,1.000000,0.000000,,0.000000,,,MISSING_OPPOSING_LEVELS,2026-07-24 14:13:12.775380+00:00
forward-blend-model-0.50-market-0.50-v1,INELIGIBLE,1.000000,0.000000,,0.000000,,,STALE,2026-07-24 14:13:13.852560+00:00
forward-blend-model-0.50-market-0.50-v1,INELIGIBLE,1.000000,0.000000,,0.000000,,,STALE,2026-07-24 14:13:14.871412+00:00
forward-blend-model-0.50-market-0.50-v1,INELIGIBLE,1.000000,0.000000,,0.000000,,,MISSING_OPPOSING_LEVELS,2026-07-24 14:13:15.920060+00:00
forward-blend-model-0.50-market-0.50-v1,INELIGIBLE,1.000000,0.000000,,0.000000,,,MISSING_OPPOSING_LEVELS,2026-07-24 14:13:16.967996+00:00
forward-blend-model-0.50-market-0.50-v1,INELIGIBLE,1.000000,0.000000,,0.000000,,,MISSING_OPPOSING_LEVELS,2026-07-24 14:13:18.016833+00:00
forward-blend-model-0.50-market-0.50-v1,INELIGIBLE,1.000000,0.000000,,0.000000,,,MISSING_OPPOSING_LEVELS,2026-07-24 14:13:19.090874+00:00
forward-blend-model-0.50-market-0.50-v1,INELIGIBLE,1.000000,0.000000,,0.000000,,,MISSING_OPPOSING_LEVELS,2026-07-24 14:13:20.113224+00:00
forward-blend-model-0.50-market-0.50-v1,INELIGIBLE,1.000000,0.000000,,0.000000,,,MISSING_OPPOSING_LEVELS,2026-07-24 14:13:21.162968+00:00
forward-blend-model-0.50-market-0.50-v1,INELIGIBLE,1.000000,0.000000,,0.000000,,,STALE,2026-07-24 14:13:22.210283+00:00
forward-blend-model-0.50-market-0.50-v1,INELIGIBLE,1.000000,0.000000,,0.000000,,,STALE,2026-07-24 14:13:23.258055+00:00
forward-blend-model-0.50-market-0.50-v1,INELIGIBLE,1.000000,0.000000,,0.000000,,,MISSING_OPPOSING_LEVELS,2026-07-24 14:13:24.307317+00:00
forward-blend-model-0.50-market-0.50-v1,INELIGIBLE,1.000000,0.000000,,0.000000,,,STALE,2026-07-24 14:13:25.356078+00:00
forward-blend-model-0.25-market-0.75-v1,INELIGIBLE,1.000000,0.000000,,0.000000,,,STALE,2026-07-24 14:09:13.180419+00:00
forward-blend-model-0.25-market-0.75-v1,INELIGIBLE,1.000000,0.000000,,0.000000,,,STALE,2026-07-24 14:09:14.227125+00:00
forward-blend-model-0.25-market-0.75-v1,INELIGIBLE,1.000000,0.000000,,0.000000,,,STALE,2026-07-24 14:09:15.502142+00:00
forward-blend-model-0.25-market-0.75-v1,INELIGIBLE,1.000000,0.000000,,0.000000,,,STALE,2026-07-24 14:09:16.848308+00:00
forward-blend-model-0.25-market-0.75-v1,INELIGIBLE,1.000000,0.000000,,0.000000,,,MISSING_OPPOSING_LEVELS,2026-07-24 14:09:17.899369+00:00
forward-blend-model-0.25-market-0.75-v1,INELIGIBLE,1.000000,0.000000,,0.000000,,,STALE,2026-07-24 14:09:18.945400+00:00
forward-blend-model-0.25-market-0.75-v1,INELIGIBLE,1.000000,0.000000,,0.000000,,,STALE,2026-07-24 14:09:19.994638+00:00
forward-blend-model-0.25-market-0.75-v1,INELIGIBLE,1.000000,0.000000,,0.000000,,,STALE,2026-07-24 14:09:21.044510+00:00
forward-blend-model-0.25-market-0.75-v1,INELIGIBLE,1.000000,0.000000,,0.000000,,,STALE,2026-07-24 14:09:22.091576+00:00
forward-blend-model-0.25-market-0.75-v1,INELIGIBLE,1.000000,0.000000,,0.000000,,,STALE,2026-07-24 14:09:23.141800+00:00
forward-blend-model-0.25-market-0.75-v1,INELIGIBLE,1.000000,0.000000,,0.000000,,,STALE,2026-07-24 14:09:24.187848+00:00
forward-blend-model-0.25-market-0.75-v1,INELIGIBLE,1.000000,0.000000,,0.000000,,,MISSING_OPPOSING_LEVELS,2026-07-24 14:09:25.241242+00:00
forward-blend-model-0.25-market-0.75-v1,INELIGIBLE,1.000000,0.000000,,0.000000,,,MISSING_OPPOSING_LEVELS,2026-07-24 14:09:26.510470+00:00
forward-blend-model-0.25-market-0.75-v1,INELIGIBLE,1.000000,0.000000,,0.000000,,,STALE,2026-07-24 14:09:27.635367+00:00
forward-blend-model-0.25-market-0.75-v1,INELIGIBLE,1.000000,0.000000,,0.000000,,,STALE,2026-07-24 14:09:28.760147+00:00
forward-blend-model-0.25-market-0.75-v1,INELIGIBLE,1.000000,0.000000,,0.000000,,,STALE,2026-07-24 14:09:29.784553+00:00
forward-blend-model-0.25-market-0.75-v1,INELIGIBLE,1.000000,0.000000,,0.000000,,,MISSING_OPPOSING_LEVELS,2026-07-24 14:09:30.808219+00:00
forward-blend-model-0.25-market-0.75-v1,INELIGIBLE,1.000000,0.000000,,0.000000,,,STALE,2026-07-24 14:09:31.753287+00:00
forward-blend-model-0.25-market-0.75-v1,INELIGIBLE,1.000000,0.000000,,0.000000,,,STALE,2026-07-24 14:09:32.805213+00:00
forward-blend-model-0.25-market-0.75-v1,INELIGIBLE,1.000000,0.000000,,0.000000,,,STALE,2026-07-24 14:09:33.850706+00:00
forward-blend-model-0.25-market-0.75-v1,INELIGIBLE,1.000000,0.000000,,0.000000,,,STALE,2026-07-24 14:09:34.898732+00:00
forward-blend-model-0.25-market-0.75-v1,INELIGIBLE,1.000000,0.000000,,0.000000,,,STALE,2026-07-24 14:09:35.950440+00:00
forward-blend-model-0.25-market-0.75-v1,INELIGIBLE,1.000000,0.000000,,0.000000,,,STALE,2026-07-24 14:09:36.997717+00:00
forward-blend-model-0.25-market-0.75-v1,INELIGIBLE,1.000000,0.000000,,0.000000,,,MISSING_OPPOSING_LEVELS,2026-07-24 14:09:38.045693+00:00
forward-blend-model-0.25-market-0.75-v1,INELIGIBLE,1.000000,0.000000,,0.000000,,,MISSING_OPPOSING_LEVELS,2026-07-24 14:09:39.101431+00:00
forward-blend-model-0.25-market-0.75-v1,INELIGIBLE,1.000000,0.000000,,0.000000,,,STALE,2026-07-24 14:09:40.144603+00:00
forward-blend-model-0.25-market-0.75-v1,INELIGIBLE,1.000000,0.000000,,0.000000,,,STALE,2026-07-24 14:09:41.193376+00:00
forward-blend-model-0.25-market-0.75-v1,INELIGIBLE,1.000000,0.000000,,0.000000,,,STALE,2026-07-24 14:09:42.241791+00:00
forward-blend-model-0.25-market-0.75-v1,INELIGIBLE,1.000000,0.000000,,0.000000,,,MISSING_OPPOSING_LEVELS,2026-07-24 14:09:43.296752+00:00
forward-blend-model-0.25-market-0.75-v1,INELIGIBLE,1.000000,0.000000,,0.000000,,,STALE,2026-07-24 14:09:44.337230+00:00
forward-blend-model-0.25-market-0.75-v1,INELIGIBLE,1.000000,0.000000,,0.000000,,,STALE,2026-07-24 14:09:45.385575+00:00
forward-blend-model-0.25-market-0.75-v1,INELIGIBLE,1.000000,0.000000,,0.000000,,,STALE,2026-07-24 14:09:46.436884+00:00
forward-blend-model-0.25-market-0.75-v1,INELIGIBLE,1.000000,0.000000,,0.000000,,,MISSING_OPPOSING_LEVELS,2026-07-24 14:09:47.503659+00:00
forward-blend-model-0.25-market-0.75-v1,INELIGIBLE,1.000000,0.000000,,0.000000,,,MISSING_OPPOSING_LEVELS,2026-07-24 14:09:48.530476+00:00
forward-blend-model-0.25-market-0.75-v1,INELIGIBLE,1.000000,0.000000,,0.000000,,,STALE,2026-07-24 14:09:49.579879+00:00
forward-blend-model-0.25-market-0.75-v1,INELIGIBLE,1.000000,0.000000,,0.000000,,,MISSING_OPPOSING_LEVELS,2026-07-24 14:09:50.632817+00:00
forward-blend-model-0.25-market-0.75-v1,INELIGIBLE,1.000000,0.000000,,0.000000,,,STALE,2026-07-24 14:09:51.700586+00:00
forward-blend-model-0.25-market-0.75-v1,INELIGIBLE,1.000000,0.000000,,0.000000,,,STALE,2026-07-24 14:09:52.729711+00:00
forward-blend-model-0.25-market-0.75-v1,INELIGIBLE,1.000000,0.000000,,0.000000,,,STALE,2026-07-24 14:09:53.777031+00:00
forward-blend-model-0.25-market-0.75-v1,INELIGIBLE,1.000000,0.000000,,0.000000,,,STALE,2026-07-24 14:09:54.824837+00:00
forward-blend-model-0.25-market-0.75-v1,INELIGIBLE,1.000000,0.000000,,0.000000,,,STALE,2026-07-24 14:09:55.872557+00:00
forward-blend-model-0.25-market-0.75-v1,INELIGIBLE,1.000000,0.000000,,0.000000,,,STALE,2026-07-24 14:09:56.921153+00:00
forward-blend-model-0.25-market-0.75-v1,INELIGIBLE,1.000000,0.000000,,0.000000,,,STALE,2026-07-24 14:09:57.981158+00:00
forward-blend-model-0.25-market-0.75-v1,INELIGIBLE,1.000000,0.000000,,0.000000,,,STALE,2026-07-24 14:09:59.021708+00:00
forward-blend-model-0.25-market-0.75-v1,INELIGIBLE,1.000000,0.000000,,0.000000,,,STALE,2026-07-24 14:10:00.066729+00:00
forward-blend-model-0.25-market-0.75-v1,INELIGIBLE,1.000000,0.000000,,0.000000,,,STALE,2026-07-24 14:10:01.112791+00:00
forward-blend-model-0.25-market-0.75-v1,INELIGIBLE,1.000000,0.000000,,0.000000,,,STALE,2026-07-24 14:10:02.160642+00:00
forward-blend-model-0.25-market-0.75-v1,INELIGIBLE,1.000000,0.000000,,0.000000,,,STALE,2026-07-24 14:10:03.291409+00:00
forward-blend-model-0.25-market-0.75-v1,INELIGIBLE,1.000000,0.000000,,0.000000,,,STALE,2026-07-24 14:10:04.262178+00:00
forward-blend-model-0.25-market-0.75-v1,INELIGIBLE,1.000000,0.000000,,0.000000,,,STALE,2026-07-24 14:10:05.354148+00:00
forward-blend-model-0.25-market-0.75-v1,INELIGIBLE,1.000000,0.000000,,0.000000,,,STALE,2026-07-24 14:10:06.377927+00:00
forward-blend-model-0.25-market-0.75-v1,INELIGIBLE,1.000000,0.000000,,0.000000,,,STALE,2026-07-24 14:10:07.404721+00:00
forward-blend-model-0.25-market-0.75-v1,INELIGIBLE,1.000000,0.000000,,0.000000,,,STALE,2026-07-24 14:10:08.492084+00:00
forward-blend-model-0.25-market-0.75-v1,INELIGIBLE,1.000000,0.000000,,0.000000,,,MISSING_OPPOSING_LEVELS,2026-07-24 14:10:09.504596+00:00
forward-blend-model-0.25-market-0.75-v1,INELIGIBLE,1.000000,0.000000,,0.000000,,,MISSING_OPPOSING_LEVELS,2026-07-24 14:10:10.552101+00:00
forward-blend-model-0.25-market-0.75-v1,INELIGIBLE,1.000000,0.000000,,0.000000,,,STALE,2026-07-24 14:10:11.603206+00:00
forward-blend-model-0.25-market-0.75-v1,INELIGIBLE,1.000000,0.000000,,0.000000,,,STALE,2026-07-24 14:10:12.656707+00:00
forward-blend-model-0.25-market-0.75-v1,INELIGIBLE,1.000000,0.000000,,0.000000,,,STALE,2026-07-24 14:10:13.696124+00:00
forward-blend-model-0.25-market-0.75-v1,INELIGIBLE,1.000000,0.000000,,0.000000,,,MISSING_OPPOSING_LEVELS,2026-07-24 14:10:14.753124+00:00
forward-blend-model-0.25-market-0.75-v1,INELIGIBLE,1.000000,0.000000,,0.000000,,,STALE,2026-07-24 14:10:15.890068+00:00
forward-blend-model-0.25-market-0.75-v1,INELIGIBLE,1.000000,0.000000,,0.000000,,,STALE,2026-07-24 14:10:16.845000+00:00
forward-blend-model-0.25-market-0.75-v1,INELIGIBLE,1.000000,0.000000,,0.000000,,,STALE,2026-07-24 14:10:17.897206+00:00
forward-blend-model-0.25-market-0.75-v1,INELIGIBLE,1.000000,0.000000,,0.000000,,,STALE,2026-07-24 14:10:18.940094+00:00
forward-blend-model-0.25-market-0.75-v1,INELIGIBLE,1.000000,0.000000,,0.000000,,,STALE,2026-07-24 14:10:19.993516+00:00
forward-blend-model-0.25-market-0.75-v1,INELIGIBLE,1.000000,0.000000,,0.000000,,,MISSING_OPPOSING_LEVELS,2026-07-24 14:10:21.105295+00:00
forward-blend-model-0.25-market-0.75-v1,INELIGIBLE,1.000000,0.000000,,0.000000,,,MISSING_OPPOSING_LEVELS,2026-07-24 14:10:22.085937+00:00
forward-blend-model-0.25-market-0.75-v1,INELIGIBLE,1.000000,0.000000,,0.000000,,,STALE,2026-07-24 14:10:23.232321+00:00
forward-blend-model-0.25-market-0.75-v1,INELIGIBLE,1.000000,0.000000,,0.000000,,,STALE,2026-07-24 14:10:24.185844+00:00
forward-blend-model-0.25-market-0.75-v1,INELIGIBLE,1.000000,0.000000,,0.000000,,,STALE,2026-07-24 14:10:25.236920+00:00
forward-blend-model-0.25-market-0.75-v1,INELIGIBLE,1.000000,0.000000,,0.000000,,,STALE,2026-07-24 14:10:26.292111+00:00
forward-blend-model-0.25-market-0.75-v1,INELIGIBLE,1.000000,0.000000,,0.000000,,,STALE,2026-07-24 14:10:27.435905+00:00
forward-blend-model-0.25-market-0.75-v1,INELIGIBLE,1.000000,0.000000,,0.000000,,,MISSING_OPPOSING_LEVELS,2026-07-24 14:10:28.375540+00:00
forward-blend-model-0.25-market-0.75-v1,INELIGIBLE,1.000000,0.000000,,0.000000,,,STALE,2026-07-24 14:10:29.432803+00:00
forward-blend-model-0.25-market-0.75-v1,INELIGIBLE,1.000000,0.000000,,0.000000,,,STALE,2026-07-24 14:10:30.508618+00:00
forward-blend-model-0.25-market-0.75-v1,INELIGIBLE,1.000000,0.000000,,0.000000,,,STALE,2026-07-24 14:10:31.523884+00:00
forward-blend-model-0.25-market-0.75-v1,INELIGIBLE,1.000000,0.000000,,0.000000,,,STALE,2026-07-24 14:10:32.568876+00:00
forward-blend-model-0.25-market-0.75-v1,INELIGIBLE,1.000000,0.000000,,0.000000,,,MISSING_OPPOSING_LEVELS,2026-07-24 14:10:33.619530+00:00
forward-blend-model-0.25-market-0.75-v1,INELIGIBLE,1.000000,0.000000,,0.000000,,,MISSING_OPPOSING_LEVELS,2026-07-24 14:10:34.668304+00:00
forward-blend-model-0.25-market-0.75-v1,INELIGIBLE,1.000000,0.000000,,0.000000,,,STALE,2026-07-24 14:10:35.715830+00:00
forward-blend-model-0.25-market-0.75-v1,INELIGIBLE,1.000000,0.000000,,0.000000,,,STALE,2026-07-24 14:10:36.780423+00:00
forward-blend-model-0.25-market-0.75-v1,INELIGIBLE,1.000000,0.000000,,0.000000,,,STALE,2026-07-24 14:10:37.881014+00:00
forward-blend-model-0.25-market-0.75-v1,INELIGIBLE,1.000000,0.000000,,0.000000,,,STALE,2026-07-24 14:10:38.864509+00:00
forward-blend-model-0.25-market-0.75-v1,INELIGIBLE,1.000000,0.000000,,0.000000,,,STALE,2026-07-24 14:10:39.912266+00:00
forward-blend-model-0.25-market-0.75-v1,INELIGIBLE,1.000000,0.000000,,0.000000,,,MISSING_OPPOSING_LEVELS,2026-07-24 14:10:40.994406+00:00
forward-blend-model-0.25-market-0.75-v1,INELIGIBLE,1.000000,0.000000,,0.000000,,,STALE,2026-07-24 14:10:42.009057+00:00
forward-blend-model-0.25-market-0.75-v1,INELIGIBLE,1.000000,0.000000,,0.000000,,,STALE,2026-07-24 14:10:43.057326+00:00
forward-blend-model-0.25-market-0.75-v1,INELIGIBLE,1.000000,0.000000,,0.000000,,,STALE,2026-07-24 14:10:44.127888+00:00
forward-blend-model-0.25-market-0.75-v1,INELIGIBLE,1.000000,0.000000,,0.000000,,,MISSING_OPPOSING_LEVELS,2026-07-24 14:10:45.253297+00:00
forward-blend-model-0.25-market-0.75-v1,INELIGIBLE,1.000000,0.000000,,0.000000,,,STALE,2026-07-24 14:10:46.202800+00:00
forward-blend-model-0.25-market-0.75-v1,INELIGIBLE,1.000000,0.000000,,0.000000,,,MISSING_OPPOSING_LEVELS,2026-07-24 14:10:47.255406+00:00
forward-blend-model-0.25-market-0.75-v1,INELIGIBLE,1.000000,0.000000,,0.000000,,,MISSING_OPPOSING_LEVELS,2026-07-24 14:10:48.304481+00:00
forward-blend-model-0.25-market-0.75-v1,INELIGIBLE,1.000000,0.000000,,0.000000,,,STALE,2026-07-24 14:10:49.348301+00:00
forward-blend-model-0.25-market-0.75-v1,INELIGIBLE,1.000000,0.000000,,0.000000,,,STALE,2026-07-24 14:10:50.403509+00:00
forward-blend-model-0.25-market-0.75-v1,INELIGIBLE,1.000000,0.000000,,0.000000,,,STALE,2026-07-24 14:10:51.452188+00:00
forward-blend-model-0.25-market-0.75-v1,INELIGIBLE,1.000000,0.000000,,0.000000,,,MISSING_OPPOSING_LEVELS,2026-07-24 14:10:52.524741+00:00
forward-blend-model-0.25-market-0.75-v1,INELIGIBLE,1.000000,0.000000,,0.000000,,,STALE,2026-07-24 14:10:53.572367+00:00
forward-blend-model-0.25-market-0.75-v1,INELIGIBLE,1.000000,0.000000,,0.000000,,,STALE,2026-07-24 14:10:54.676081+00:00
forward-blend-model-0.25-market-0.75-v1,INELIGIBLE,1.000000,0.000000,,0.000000,,,STALE,2026-07-24 14:10:55.638856+00:00
forward-blend-model-0.25-market-0.75-v1,INELIGIBLE,1.000000,0.000000,,0.000000,,,STALE,2026-07-24 14:10:56.687961+00:00
forward-blend-model-0.25-market-0.75-v1,INELIGIBLE,1.000000,0.000000,,0.000000,,,STALE,2026-07-24 14:10:57.749089+00:00
forward-blend-model-0.25-market-0.75-v1,INELIGIBLE,1.000000,0.000000,,0.000000,,,MISSING_OPPOSING_LEVELS,2026-07-24 14:10:58.911807+00:00
forward-blend-model-0.25-market-0.75-v1,INELIGIBLE,1.000000,0.000000,,0.000000,,,STALE,2026-07-24 14:10:59.839190+00:00
forward-blend-model-0.25-market-0.75-v1,INELIGIBLE,1.000000,0.000000,,0.000000,,,STALE,2026-07-24 14:11:00.921457+00:00
forward-blend-model-0.25-market-0.75-v1,INELIGIBLE,1.000000,0.000000,,0.000000,,,STALE,2026-07-24 14:11:01.930717+00:00
forward-blend-model-0.25-market-0.75-v1,INELIGIBLE,1.000000,0.000000,,0.000000,,,STALE,2026-07-24 14:11:02.981480+00:00
forward-blend-model-0.25-market-0.75-v1,INELIGIBLE,1.000000,0.000000,,0.000000,,,MISSING_OPPOSING_LEVELS,2026-07-24 14:11:04.029049+00:00
forward-blend-model-0.25-market-0.75-v1,INELIGIBLE,1.000000,0.000000,,0.000000,,,MISSING_OPPOSING_LEVELS,2026-07-24 14:11:05.119867+00:00
forward-blend-model-0.25-market-0.75-v1,INELIGIBLE,1.000000,0.000000,,0.000000,,,STALE,2026-07-24 14:11:06.175282+00:00
forward-blend-model-0.25-market-0.75-v1,INELIGIBLE,1.000000,0.000000,,0.000000,,,STALE,2026-07-24 14:11:07.304278+00:00
forward-blend-model-0.25-market-0.75-v1,INELIGIBLE,1.000000,0.000000,,0.000000,,,STALE,2026-07-24 14:11:08.703079+00:00
forward-blend-model-0.25-market-0.75-v1,INELIGIBLE,1.000000,0.000000,,0.000000,,,STALE,2026-07-24 14:11:10.096137+00:00
forward-blend-model-0.25-market-0.75-v1,INELIGIBLE,1.000000,0.000000,,0.000000,,,MISSING_OPPOSING_LEVELS,2026-07-24 14:11:11.673025+00:00
forward-blend-model-0.25-market-0.75-v1,INELIGIBLE,1.000000,0.000000,,0.000000,,,STALE,2026-07-24 14:11:12.729474+00:00
forward-blend-model-0.25-market-0.75-v1,INELIGIBLE,1.000000,0.000000,,0.000000,,,MISSING_OPPOSING_LEVELS,2026-07-24 14:11:13.776937+00:00
forward-blend-model-0.25-market-0.75-v1,INELIGIBLE,1.000000,0.000000,,0.000000,,,STALE,2026-07-24 14:11:14.821171+00:00
forward-blend-model-0.25-market-0.75-v1,INELIGIBLE,1.000000,0.000000,,0.000000,,,STALE,2026-07-24 14:11:15.867543+00:00
forward-blend-model-0.25-market-0.75-v1,INELIGIBLE,1.000000,0.000000,,0.000000,,,STALE,2026-07-24 14:11:16.998161+00:00
forward-blend-model-0.25-market-0.75-v1,INELIGIBLE,1.000000,0.000000,,0.000000,,,STALE,2026-07-24 14:11:17.961001+00:00
forward-blend-model-0.25-market-0.75-v1,INELIGIBLE,1.000000,0.000000,,0.000000,,,STALE,2026-07-24 14:11:19.005260+00:00
forward-blend-model-0.25-market-0.75-v1,INELIGIBLE,1.000000,0.000000,,0.000000,,,STALE,2026-07-24 14:11:20.061342+00:00
forward-blend-model-0.25-market-0.75-v1,INELIGIBLE,1.000000,0.000000,,0.000000,,,STALE,2026-07-24 14:11:21.107791+00:00
forward-blend-model-0.25-market-0.75-v1,INELIGIBLE,1.000000,0.000000,,0.000000,,,STALE,2026-07-24 14:11:22.154231+00:00
forward-blend-model-0.25-market-0.75-v1,INELIGIBLE,1.000000,0.000000,,0.000000,,,STALE,2026-07-24 14:11:23.200065+00:00
forward-blend-model-0.25-market-0.75-v1,INELIGIBLE,1.000000,0.000000,,0.000000,,,STALE,2026-07-24 14:11:24.268328+00:00
forward-blend-model-0.25-market-0.75-v1,INELIGIBLE,1.000000,0.000000,,0.000000,,,STALE,2026-07-24 14:11:25.356035+00:00
forward-blend-model-0.25-market-0.75-v1,INELIGIBLE,1.000000,0.000000,,0.000000,,,STALE,2026-07-24 14:11:26.352697+00:00
forward-blend-model-0.25-market-0.75-v1,INELIGIBLE,1.000000,0.000000,,0.000000,,,MISSING_OPPOSING_LEVELS,2026-07-24 14:11:27.400032+00:00
forward-blend-model-0.25-market-0.75-v1,INELIGIBLE,1.000000,0.000000,,0.000000,,,STALE,2026-07-24 14:11:28.481525+00:00
forward-blend-model-0.25-market-0.75-v1,INELIGIBLE,1.000000,0.000000,,0.000000,,,STALE,2026-07-24 14:11:29.510310+00:00
forward-blend-model-0.25-market-0.75-v1,INELIGIBLE,1.000000,0.000000,,0.000000,,,MISSING_OPPOSING_LEVELS,2026-07-24 14:11:30.544503+00:00
forward-blend-model-0.25-market-0.75-v1,INELIGIBLE,1.000000,0.000000,,0.000000,,,MISSING_OPPOSING_LEVELS,2026-07-24 14:11:31.588250+00:00
forward-blend-model-0.25-market-0.75-v1,INELIGIBLE,1.000000,0.000000,,0.000000,,,MISSING_OPPOSING_LEVELS,2026-07-24 14:11:32.636584+00:00
forward-blend-model-0.25-market-0.75-v1,INELIGIBLE,1.000000,0.000000,,0.000000,,,MISSING_OPPOSING_LEVELS,2026-07-24 14:11:33.685325+00:00
forward-blend-model-0.25-market-0.75-v1,INELIGIBLE,1.000000,0.000000,,0.000000,,,MISSING_OPPOSING_LEVELS,2026-07-24 14:11:34.732617+00:00
forward-blend-model-0.25-market-0.75-v1,INELIGIBLE,1.000000,0.000000,,0.000000,,,MISSING_OPPOSING_LEVELS,2026-07-24 14:11:35.782642+00:00
forward-blend-model-0.25-market-0.75-v1,INELIGIBLE,1.000000,0.000000,,0.000000,,,MISSING_OPPOSING_LEVELS,2026-07-24 14:11:36.835238+00:00
forward-blend-model-0.25-market-0.75-v1,INELIGIBLE,1.000000,0.000000,,0.000000,,,MISSING_OPPOSING_LEVELS,2026-07-24 14:11:37.907681+00:00
forward-blend-model-0.25-market-0.75-v1,INELIGIBLE,1.000000,0.000000,,0.000000,,,STALE,2026-07-24 14:11:38.932250+00:00
forward-blend-model-0.25-market-0.75-v1,INELIGIBLE,1.000000,0.000000,,0.000000,,,MISSING_OPPOSING_LEVELS,2026-07-24 14:11:40.039145+00:00
forward-blend-model-0.25-market-0.75-v1,INELIGIBLE,1.000000,0.000000,,0.000000,,,MISSING_OPPOSING_LEVELS,2026-07-24 14:11:41.031618+00:00
forward-blend-model-0.25-market-0.75-v1,INELIGIBLE,1.000000,0.000000,,0.000000,,,STALE,2026-07-24 14:11:42.076407+00:00
forward-blend-model-0.25-market-0.75-v1,INELIGIBLE,1.000000,0.000000,,0.000000,,,STALE,2026-07-24 14:11:43.126789+00:00
forward-blend-model-0.25-market-0.75-v1,INELIGIBLE,1.000000,0.000000,,0.000000,,,MISSING_OPPOSING_LEVELS,2026-07-24 14:11:44.176409+00:00
forward-blend-model-0.25-market-0.75-v1,INELIGIBLE,1.000000,0.000000,,0.000000,,,MISSING_OPPOSING_LEVELS,2026-07-24 14:11:45.260906+00:00
forward-blend-model-0.25-market-0.75-v1,INELIGIBLE,1.000000,0.000000,,0.000000,,,STALE,2026-07-24 14:11:46.268157+00:00
forward-blend-model-0.25-market-0.75-v1,INELIGIBLE,1.000000,0.000000,,0.000000,,,STALE,2026-07-24 14:11:47.326313+00:00
forward-blend-model-0.25-market-0.75-v1,INELIGIBLE,1.000000,0.000000,,0.000000,,,STALE,2026-07-24 14:11:48.369828+00:00
forward-blend-model-0.25-market-0.75-v1,INELIGIBLE,1.000000,0.000000,,0.000000,,,MISSING_OPPOSING_LEVELS,2026-07-24 14:11:49.414215+00:00
forward-blend-model-0.25-market-0.75-v1,INELIGIBLE,1.000000,0.000000,,0.000000,,,MISSING_OPPOSING_LEVELS,2026-07-24 14:11:50.461270+00:00
forward-blend-model-0.25-market-0.75-v1,INELIGIBLE,1.000000,0.000000,,0.000000,,,MISSING_OPPOSING_LEVELS,2026-07-24 14:11:51.511123+00:00
forward-blend-model-0.25-market-0.75-v1,INELIGIBLE,1.000000,0.000000,,0.000000,,,MISSING_OPPOSING_LEVELS,2026-07-24 14:11:52.566431+00:00
forward-blend-model-0.25-market-0.75-v1,INELIGIBLE,1.000000,0.000000,,0.000000,,,MISSING_OPPOSING_LEVELS,2026-07-24 14:11:53.615729+00:00
forward-blend-model-0.25-market-0.75-v1,INELIGIBLE,1.000000,0.000000,,0.000000,,,STALE,2026-07-24 14:11:54.655762+00:00
forward-blend-model-0.25-market-0.75-v1,INELIGIBLE,1.000000,0.000000,,0.000000,,,STALE,2026-07-24 14:11:55.808191+00:00
forward-blend-model-0.25-market-0.75-v1,INELIGIBLE,1.000000,0.000000,,0.000000,,,MISSING_OPPOSING_LEVELS,2026-07-24 14:11:56.850060+00:00
forward-blend-model-0.25-market-0.75-v1,INELIGIBLE,1.000000,0.000000,,0.000000,,,STALE,2026-07-24 14:11:57.802503+00:00
forward-blend-model-0.25-market-0.75-v1,INELIGIBLE,1.000000,0.000000,,0.000000,,,STALE,2026-07-24 14:11:58.851148+00:00
forward-blend-model-0.25-market-0.75-v1,INELIGIBLE,1.000000,0.000000,,0.000000,,,STALE,2026-07-24 14:11:59.898631+00:00
forward-blend-model-0.25-market-0.75-v1,INELIGIBLE,1.000000,0.000000,,0.000000,,,STALE,2026-07-24 14:12:00.952076+00:00
forward-blend-model-0.25-market-0.75-v1,INELIGIBLE,1.000000,0.000000,,0.000000,,,STALE,2026-07-24 14:12:02.072792+00:00
forward-blend-model-0.25-market-0.75-v1,INELIGIBLE,1.000000,0.000000,,0.000000,,,MISSING_OPPOSING_LEVELS,2026-07-24 14:12:03.045783+00:00
forward-blend-model-0.25-market-0.75-v1,INELIGIBLE,1.000000,0.000000,,0.000000,,,MISSING_OPPOSING_LEVELS,2026-07-24 14:12:04.119789+00:00
forward-blend-model-0.25-market-0.75-v1,INELIGIBLE,1.000000,0.000000,,0.000000,,,MISSING_OPPOSING_LEVELS,2026-07-24 14:12:05.146130+00:00
forward-blend-model-0.25-market-0.75-v1,INELIGIBLE,1.000000,0.000000,,0.000000,,,MISSING_OPPOSING_LEVELS,2026-07-24 14:12:06.195296+00:00
forward-blend-model-0.25-market-0.75-v1,INELIGIBLE,1.000000,0.000000,,0.000000,,,STALE,2026-07-24 14:12:07.239035+00:00
forward-blend-model-0.25-market-0.75-v1,INELIGIBLE,1.000000,0.000000,,0.000000,,,MISSING_OPPOSING_LEVELS,2026-07-24 14:12:08.300603+00:00
forward-blend-model-0.25-market-0.75-v1,INELIGIBLE,1.000000,0.000000,,0.000000,,,MISSING_OPPOSING_LEVELS,2026-07-24 14:12:09.427244+00:00
forward-blend-model-0.25-market-0.75-v1,INELIGIBLE,1.000000,0.000000,,0.000000,,,MISSING_OPPOSING_LEVELS,2026-07-24 14:12:10.403317+00:00
forward-blend-model-0.25-market-0.75-v1,INELIGIBLE,1.000000,0.000000,,0.000000,,,MISSING_OPPOSING_LEVELS,2026-07-24 14:12:11.438351+00:00
forward-blend-model-0.25-market-0.75-v1,INELIGIBLE,1.000000,0.000000,,0.000000,,,STALE,2026-07-24 14:12:12.487204+00:00
forward-blend-model-0.25-market-0.75-v1,INELIGIBLE,1.000000,0.000000,,0.000000,,,STALE,2026-07-24 14:12:13.537293+00:00
forward-blend-model-0.25-market-0.75-v1,INELIGIBLE,1.000000,0.000000,,0.000000,,,MISSING_OPPOSING_LEVELS,2026-07-24 14:12:14.586182+00:00
forward-blend-model-0.25-market-0.75-v1,INELIGIBLE,1.000000,0.000000,,0.000000,,,MISSING_OPPOSING_LEVELS,2026-07-24 14:12:15.633838+00:00
forward-blend-model-0.25-market-0.75-v1,INELIGIBLE,1.000000,0.000000,,0.000000,,,MISSING_OPPOSING_LEVELS,2026-07-24 14:12:16.685034+00:00
forward-blend-model-0.25-market-0.75-v1,INELIGIBLE,1.000000,0.000000,,0.000000,,,MISSING_OPPOSING_LEVELS,2026-07-24 14:12:17.729191+00:00
forward-blend-model-0.25-market-0.75-v1,INELIGIBLE,1.000000,0.000000,,0.000000,,,MISSING_OPPOSING_LEVELS,2026-07-24 14:12:18.773570+00:00
forward-blend-model-0.25-market-0.75-v1,INELIGIBLE,1.000000,0.000000,,0.000000,,,MISSING_OPPOSING_LEVELS,2026-07-24 14:12:19.823056+00:00
forward-blend-model-0.25-market-0.75-v1,INELIGIBLE,1.000000,0.000000,,0.000000,,,MISSING_OPPOSING_LEVELS,2026-07-24 14:12:20.876442+00:00
forward-blend-model-0.25-market-0.75-v1,INELIGIBLE,1.000000,0.000000,,0.000000,,,MISSING_OPPOSING_LEVELS,2026-07-24 14:12:21.924115+00:00
forward-blend-model-0.25-market-0.75-v1,INELIGIBLE,1.000000,0.000000,,0.000000,,,STALE,2026-07-24 14:12:23.046838+00:00
forward-blend-model-0.25-market-0.75-v1,INELIGIBLE,1.000000,0.000000,,0.000000,,,STALE,2026-07-24 14:12:24.023544+00:00
forward-blend-model-0.25-market-0.75-v1,INELIGIBLE,1.000000,0.000000,,0.000000,,,STALE,2026-07-24 14:12:25.064869+00:00
forward-blend-model-0.25-market-0.75-v1,INELIGIBLE,1.000000,0.000000,,0.000000,,,STALE,2026-07-24 14:12:26.116356+00:00
forward-blend-model-0.25-market-0.75-v1,INELIGIBLE,1.000000,0.000000,,0.000000,,,STALE,2026-07-24 14:12:27.161843+00:00
forward-blend-model-0.25-market-0.75-v1,INELIGIBLE,1.000000,0.000000,,0.000000,,,STALE,2026-07-24 14:12:28.211287+00:00
forward-blend-model-0.25-market-0.75-v1,INELIGIBLE,1.000000,0.000000,,0.000000,,,MISSING_OPPOSING_LEVELS,2026-07-24 14:12:29.260412+00:00
forward-blend-model-0.25-market-0.75-v1,INELIGIBLE,1.000000,0.000000,,0.000000,,,MISSING_OPPOSING_LEVELS,2026-07-24 14:12:30.312490+00:00
forward-blend-model-0.25-market-0.75-v1,INELIGIBLE,1.000000,0.000000,,0.000000,,,STALE,2026-07-24 14:12:31.443168+00:00
forward-blend-model-0.25-market-0.75-v1,INELIGIBLE,1.000000,0.000000,,0.000000,,,STALE,2026-07-24 14:12:32.484895+00:00
forward-blend-model-0.25-market-0.75-v1,INELIGIBLE,1.000000,0.000000,,0.000000,,,STALE,2026-07-24 14:12:33.454303+00:00
forward-blend-model-0.25-market-0.75-v1,INELIGIBLE,1.000000,0.000000,,0.000000,,,MISSING_OPPOSING_LEVELS,2026-07-24 14:12:34.503198+00:00
forward-blend-model-0.25-market-0.75-v1,INELIGIBLE,1.000000,0.000000,,0.000000,,,STALE,2026-07-24 14:12:35.551413+00:00
forward-blend-model-0.25-market-0.75-v1,INELIGIBLE,1.000000,0.000000,,0.000000,,,MISSING_OPPOSING_LEVELS,2026-07-24 14:12:36.666080+00:00
forward-blend-model-0.25-market-0.75-v1,INELIGIBLE,1.000000,0.000000,,0.000000,,,STALE,2026-07-24 14:12:37.690015+00:00
forward-blend-model-0.25-market-0.75-v1,INELIGIBLE,1.000000,0.000000,,0.000000,,,STALE,2026-07-24 14:12:38.700432+00:00
forward-blend-model-0.25-market-0.75-v1,INELIGIBLE,1.000000,0.000000,,0.000000,,,MISSING_OPPOSING_LEVELS,2026-07-24 14:12:39.840591+00:00
forward-blend-model-0.25-market-0.75-v1,INELIGIBLE,1.000000,0.000000,,0.000000,,,MISSING_OPPOSING_LEVELS,2026-07-24 14:12:40.798625+00:00
forward-blend-model-0.25-market-0.75-v1,INELIGIBLE,1.000000,0.000000,,0.000000,,,MISSING_OPPOSING_LEVELS,2026-07-24 14:12:41.842893+00:00
forward-blend-model-0.25-market-0.75-v1,INELIGIBLE,1.000000,0.000000,,0.000000,,,MISSING_OPPOSING_LEVELS,2026-07-24 14:12:42.891393+00:00
forward-blend-model-0.25-market-0.75-v1,INELIGIBLE,1.000000,0.000000,,0.000000,,,MISSING_OPPOSING_LEVELS,2026-07-24 14:12:43.941965+00:00
forward-blend-model-0.25-market-0.75-v1,INELIGIBLE,1.000000,0.000000,,0.000000,,,MISSING_OPPOSING_LEVELS,2026-07-24 14:12:44.995859+00:00
forward-blend-model-0.25-market-0.75-v1,INELIGIBLE,1.000000,0.000000,,0.000000,,,MISSING_OPPOSING_LEVELS,2026-07-24 14:12:46.041742+00:00
forward-blend-model-0.25-market-0.75-v1,INELIGIBLE,1.000000,0.000000,,0.000000,,,MISSING_OPPOSING_LEVELS,2026-07-24 14:12:47.084443+00:00
forward-blend-model-0.25-market-0.75-v1,INELIGIBLE,1.000000,0.000000,,0.000000,,,MISSING_OPPOSING_LEVELS,2026-07-24 14:12:48.136330+00:00
forward-blend-model-0.25-market-0.75-v1,INELIGIBLE,1.000000,0.000000,,0.000000,,,MISSING_OPPOSING_LEVELS,2026-07-24 14:12:49.188076+00:00
forward-blend-model-0.25-market-0.75-v1,INELIGIBLE,1.000000,0.000000,,0.000000,,,STALE,2026-07-24 14:12:50.237471+00:00
forward-blend-model-0.25-market-0.75-v1,INELIGIBLE,1.000000,0.000000,,0.000000,,,STALE,2026-07-24 14:12:51.309156+00:00
forward-blend-model-0.25-market-0.75-v1,INELIGIBLE,1.000000,0.000000,,0.000000,,,STALE,2026-07-24 14:12:52.332813+00:00
forward-blend-model-0.25-market-0.75-v1,INELIGIBLE,1.000000,0.000000,,0.000000,,,MISSING_OPPOSING_LEVELS,2026-07-24 14:12:53.477911+00:00
forward-blend-model-0.25-market-0.75-v1,INELIGIBLE,1.000000,0.000000,,0.000000,,,MISSING_OPPOSING_LEVELS,2026-07-24 14:12:54.427740+00:00
forward-blend-model-0.25-market-0.75-v1,INELIGIBLE,1.000000,0.000000,,0.000000,,,MISSING_OPPOSING_LEVELS,2026-07-24 14:12:55.478640+00:00
forward-blend-model-0.25-market-0.75-v1,INELIGIBLE,1.000000,0.000000,,0.000000,,,MISSING_OPPOSING_LEVELS,2026-07-24 14:12:56.526997+00:00
forward-blend-model-0.25-market-0.75-v1,INELIGIBLE,1.000000,0.000000,,0.000000,,,STALE,2026-07-24 14:12:57.575141+00:00
forward-blend-model-0.25-market-0.75-v1,INELIGIBLE,1.000000,0.000000,,0.000000,,,MISSING_OPPOSING_LEVELS,2026-07-24 14:12:58.624100+00:00
forward-blend-model-0.25-market-0.75-v1,INELIGIBLE,1.000000,0.000000,,0.000000,,,MISSING_OPPOSING_LEVELS,2026-07-24 14:12:59.668647+00:00
forward-blend-model-0.25-market-0.75-v1,INELIGIBLE,1.000000,0.000000,,0.000000,,,MISSING_OPPOSING_LEVELS,2026-07-24 14:13:00.716596+00:00
forward-blend-model-0.25-market-0.75-v1,INELIGIBLE,1.000000,0.000000,,0.000000,,,MISSING_OPPOSING_LEVELS,2026-07-24 14:13:01.765952+00:00
forward-blend-model-0.25-market-0.75-v1,INELIGIBLE,1.000000,0.000000,,0.000000,,,MISSING_OPPOSING_LEVELS,2026-07-24 14:13:02.814284+00:00
forward-blend-model-0.25-market-0.75-v1,INELIGIBLE,1.000000,0.000000,,0.000000,,,MISSING_OPPOSING_LEVELS,2026-07-24 14:13:03.921320+00:00
forward-blend-model-0.25-market-0.75-v1,INELIGIBLE,1.000000,0.000000,,0.000000,,,STALE,2026-07-24 14:13:04.926440+00:00
forward-blend-model-0.25-market-0.75-v1,INELIGIBLE,1.000000,0.000000,,0.000000,,,MISSING_OPPOSING_LEVELS,2026-07-24 14:13:05.957967+00:00
forward-blend-model-0.25-market-0.75-v1,INELIGIBLE,1.000000,0.000000,,0.000000,,,STALE,2026-07-24 14:13:07.009948+00:00
forward-blend-model-0.25-market-0.75-v1,INELIGIBLE,1.000000,0.000000,,0.000000,,,STALE,2026-07-24 14:13:08.053449+00:00
forward-blend-model-0.25-market-0.75-v1,INELIGIBLE,1.000000,0.000000,,0.000000,,,STALE,2026-07-24 14:13:09.100997+00:00
forward-blend-model-0.25-market-0.75-v1,INELIGIBLE,1.000000,0.000000,,0.000000,,,MISSING_OPPOSING_LEVELS,2026-07-24 14:13:10.150558+00:00
forward-blend-model-0.25-market-0.75-v1,INELIGIBLE,1.000000,0.000000,,0.000000,,,MISSING_OPPOSING_LEVELS,2026-07-24 14:13:11.197937+00:00
forward-blend-model-0.25-market-0.75-v1,INELIGIBLE,1.000000,0.000000,,0.000000,,,MISSING_OPPOSING_LEVELS,2026-07-24 14:13:12.251798+00:00
forward-blend-model-0.25-market-0.75-v1,INELIGIBLE,1.000000,0.000000,,0.000000,,,MISSING_OPPOSING_LEVELS,2026-07-24 14:13:13.300342+00:00
forward-blend-model-0.25-market-0.75-v1,INELIGIBLE,1.000000,0.000000,,0.000000,,,STALE,2026-07-24 14:13:14.361486+00:00
forward-blend-model-0.25-market-0.75-v1,INELIGIBLE,1.000000,0.000000,,0.000000,,,STALE,2026-07-24 14:13:15.390674+00:00
forward-blend-model-0.25-market-0.75-v1,INELIGIBLE,1.000000,0.000000,,0.000000,,,MISSING_OPPOSING_LEVELS,2026-07-24 14:13:16.440008+00:00
forward-blend-model-0.25-market-0.75-v1,INELIGIBLE,1.000000,0.000000,,0.000000,,,MISSING_OPPOSING_LEVELS,2026-07-24 14:13:17.487840+00:00
forward-blend-model-0.25-market-0.75-v1,INELIGIBLE,1.000000,0.000000,,0.000000,,,MISSING_OPPOSING_LEVELS,2026-07-24 14:13:18.642888+00:00
forward-blend-model-0.25-market-0.75-v1,INELIGIBLE,1.000000,0.000000,,0.000000,,,MISSING_OPPOSING_LEVELS,2026-07-24 14:13:19.589691+00:00
forward-blend-model-0.25-market-0.75-v1,INELIGIBLE,1.000000,0.000000,,0.000000,,,MISSING_OPPOSING_LEVELS,2026-07-24 14:13:20.637283+00:00
forward-blend-model-0.25-market-0.75-v1,INELIGIBLE,1.000000,0.000000,,0.000000,,,MISSING_OPPOSING_LEVELS,2026-07-24 14:13:21.685584+00:00
forward-blend-model-0.25-market-0.75-v1,INELIGIBLE,1.000000,0.000000,,0.000000,,,STALE,2026-07-24 14:13:22.733396+00:00
forward-blend-model-0.25-market-0.75-v1,INELIGIBLE,1.000000,0.000000,,0.000000,,,STALE,2026-07-24 14:13:23.781729+00:00
forward-blend-model-0.25-market-0.75-v1,INELIGIBLE,1.000000,0.000000,,0.000000,,,MISSING_OPPOSING_LEVELS,2026-07-24 14:13:24.829999+00:00
forward-blend-model-0.25-market-0.75-v1,INELIGIBLE,1.000000,0.000000,,0.000000,,,STALE,2026-07-24 14:13:25.873690+00:00
